{
  "class_name": "Sequential",
  "config": {
    "name": "sequential",
    "layers": [
      {
        "class_name": "InputLayer",
        "config": {
          "batch_input_shape": [null, 60, 1],
          "dtype": "float32",
          "sparse": false,
          "ragged": false,
          "name": "lstm_input"
        }
      },
      {
        "class_name": "LSTM",
        "config": {
          "name": "lstm",
          "trainable": true,
          "batch_input_shape": [null, 60, 1],
          "dtype": "float32",
          "return_sequences": true,
          "return_state": false,
          "go_backwards": false,
          "stateful": false,
          "unroll": false,
          "time_major": false,
          "units": 50,
          "activation": "tanh",
          "recurrent_activation": "sigmoid",
          "use_bias": true,
          "kernel_initializer": {
            "class_name": "GlorotUniform",
            "config": { "seed": null }
          },
          "recurrent_initializer": {
            "class_name": "Orthogonal",
            "config": { "gain": 1.0, "seed": null }
          },
          "bias_initializer": { "class_name": "Zeros", "config": {} },
          "unit_forget_bias": true,
          "kernel_regularizer": null,
          "recurrent_regularizer": null,
          "bias_regularizer": null,
          "activity_regularizer": null,
          "kernel_constraint": null,
          "recurrent_constraint": null,
          "bias_constraint": null,
          "dropout": 0.0,
          "recurrent_dropout": 0.0,
          "implementation": 2
        }
      },
      {
        "class_name": "Dropout",
        "config": {
          "name": "dropout",
          "trainable": true,
          "dtype": "float32",
          "rate": 0.2,
          "noise_shape": null,
          "seed": null
        }
      },
      {
        "class_name": "LSTM",
        "config": {
          "name": "lstm_1",
          "trainable": true,
          "dtype": "float32",
          "return_sequences": true,
          "return_state": false,
          "go_backwards": false,
          "stateful": false,
          "unroll": false,
          "time_major": false,
          "units": 45,
          "activation": "tanh",
          "recurrent_activation": "sigmoid",
          "use_bias": true,
          "kernel_initializer": {
            "class_name": "GlorotUniform",
            "config": { "seed": null }
          },
          "recurrent_initializer": {
            "class_name": "Orthogonal",
            "config": { "gain": 1.0, "seed": null }
          },
          "bias_initializer": { "class_name": "Zeros", "config": {} },
          "unit_forget_bias": true,
          "kernel_regularizer": null,
          "recurrent_regularizer": null,
          "bias_regularizer": null,
          "activity_regularizer": null,
          "kernel_constraint": null,
          "recurrent_constraint": null,
          "bias_constraint": null,
          "dropout": 0.0,
          "recurrent_dropout": 0.0,
          "implementation": 2
        }
      },
      {
        "class_name": "Dropout",
        "config": {
          "name": "dropout_1",
          "trainable": true,
          "dtype": "float32",
          "rate": 0.2,
          "noise_shape": null,
          "seed": null
        }
      },
      {
        "class_name": "LSTM",
        "config": {
          "name": "lstm_2",
          "trainable": true,
          "dtype": "float32",
          "return_sequences": true,
          "return_state": false,
          "go_backwards": false,
          "stateful": false,
          "unroll": false,
          "time_major": false,
          "units": 45,
          "activation": "tanh",
          "recurrent_activation": "sigmoid",
          "use_bias": true,
          "kernel_initializer": {
            "class_name": "GlorotUniform",
            "config": { "seed": null }
          },
          "recurrent_initializer": {
            "class_name": "Orthogonal",
            "config": { "gain": 1.0, "seed": null }
          },
          "bias_initializer": { "class_name": "Zeros", "config": {} },
          "unit_forget_bias": true,
          "kernel_regularizer": null,
          "recurrent_regularizer": null,
          "bias_regularizer": null,
          "activity_regularizer": null,
          "kernel_constraint": null,
          "recurrent_constraint": null,
          "bias_constraint": null,
          "dropout": 0.0,
          "recurrent_dropout": 0.0,
          "implementation": 2
        }
      },
      {
        "class_name": "Dropout",
        "config": {
          "name": "dropout_2",
          "trainable": true,
          "dtype": "float32",
          "rate": 0.2,
          "noise_shape": null,
          "seed": null
        }
      },
      {
        "class_name": "LSTM",
        "config": {
          "name": "lstm_3",
          "trainable": true,
          "dtype": "float32",
          "return_sequences": false,
          "return_state": false,
          "go_backwards": false,
          "stateful": false,
          "unroll": false,
          "time_major": false,
          "units": 45,
          "activation": "tanh",
          "recurrent_activation": "sigmoid",
          "use_bias": true,
          "kernel_initializer": {
            "class_name": "GlorotUniform",
            "config": { "seed": null }
          },
          "recurrent_initializer": {
            "class_name": "Orthogonal",
            "config": { "gain": 1.0, "seed": null }
          },
          "bias_initializer": { "class_name": "Zeros", "config": {} },
          "unit_forget_bias": true,
          "kernel_regularizer": null,
          "recurrent_regularizer": null,
          "bias_regularizer": null,
          "activity_regularizer": null,
          "kernel_constraint": null,
          "recurrent_constraint": null,
          "bias_constraint": null,
          "dropout": 0.0,
          "recurrent_dropout": 0.0,
          "implementation": 2
        }
      },
      {
        "class_name": "Dropout",
        "config": {
          "name": "dropout_3",
          "trainable": true,
          "dtype": "float32",
          "rate": 0.2,
          "noise_shape": null,
          "seed": null
        }
      },
      {
        "class_name": "Dense",
        "config": {
          "name": "dense",
          "trainable": true,
          "dtype": "float32",
          "units": 1,
          "activation": "linear",
          "use_bias": true,
          "kernel_initializer": {
            "class_name": "GlorotUniform",
            "config": { "seed": null }
          },
          "bias_initializer": { "class_name": "Zeros", "config": {} },
          "kernel_regularizer": null,
          "bias_regularizer": null,
          "activity_regularizer": null,
          "kernel_constraint": null,
          "bias_constraint": null
        }
      }
    ]
  },
  "keras_version": "2.6.0",
  "backend": "tensorflow"
}